id,date,title,content,tags,mood,weather
1,2024-07-15T10:00:00Z,"A New Beginning","Today marks the start of a new chapter. I'm excited to see what the future holds. I spent the morning planning out my goals for the next few months.","goals,reflection",excited,sunny
2,2024-07-14T21:30:00Z,"Quiet Evening","Just a quiet evening at home. Sometimes it's nice to just relax and do nothing. I watched a movie and read a bit of my book.","personal,relax",neutral,cloudy
3,2024-07-13T14:05:00Z,"Work Challenges","Faced a few tough challenges at work today, but managed to get through them. Feeling a bit drained but accomplished.","work,challenge",tired,rainy
4,2024-07-12T08:15:00Z,"Morning Hike","Went for a beautiful morning hike. The air was fresh and the views were incredible. A great way to start the day.","travel,nature,health",happy,sunny
5,2024-07-11T18:45:00Z,"Dinner with Friends","Had a wonderful dinner with old friends. It's always great to catch up and reminisce about the good old days.","friends,social",happy,cloudy
6,2024-07-10T12:00:00Z,"Feeling Uninspired","Struggling to find motivation today. Everything feels a bit gray. Hoping for a better day tomorrow.","personal",sad,rainy
7,2024-07-09T23:00:00Z,"Late Night Thoughts","My mind is racing with ideas and worries. It's hard to switch off sometimes. I should probably write more often.","reflection",neutral,cloudy
8,2024-07-08T16:20:00Z,"Project Milestone","Reached a major milestone on my personal project today! It feels so good to see progress.","goals,work",excited,sunny
9,2024-07-07T11:55:00Z,"Family Get-together","A lovely day spent with family. Lots of laughter and good food. Feeling grateful for these moments.","family",happy,sunny
10,2024-07-06T19:00:0Z,"A frustrating day","Nothing seemed to go right today. Spilled coffee on my shirt and missed my bus. Just one of those days.","personal",sad,stormy
11,2024-07-05T09:30:00Z,"Planning a Trip","Started planning a vacation for next year. The thought of exploring a new place is so exciting!","travel,goals",excited,cloudy
12,2024-07-04T17:00:00Z,"Holiday BBQ","Enjoyed a nice BBQ for the holiday. Simple pleasures are the best.","friends,social",happy,sunny
13,2024-07-03T22:10:00Z,"Finished a Book","Finished an amazing book tonight. The story will stay with me for a while. It's inspiring me to write my own.","personal,reading",neutral,cloudy
14,2024-07-02T13:00:00Z,"A Productive Afternoon","Had a very productive afternoon. Ticked off so many items from my to-do list. Feeling on top of the world.","work,goals",excited,sunny
15,2024-07-01T20:00:00Z,"Missing Home","Feeling a bit homesick today. It's tough being far away from family.","family,personal",sad,rainy
16,2024-06-30T10:45:00Z,"Trying a New Recipe","Tried a new recipe for lunch and it was a success! It's fun to experiment in the kitchen.","personal,food",happy,cloudy
17,2024-06-29T15:00:00Z,"Rainy Day Musings","The sound of the rain is so calming. Spent the afternoon just watching it from my window and thinking.","reflection",neutral,rainy
18,2024-06-28T18:00:00Z,"Team Success","Our team at work finally solved a problem we've been stuck on for weeks. It was a great collaborative effort.","work,challenge",excited,cloudy
19,2024-06-27T07:30:00Z,"Early Morning Run","Woke up early for a run. It was tough but I feel so energized now.","health",happy,sunny
20,2024-06-26T21:00:00Z,"An Unexpected Call","Got an unexpected call from an old friend. It was a pleasant surprise and made my day.","friends",happy,cloudy
21,2024-06-25T14:20:00Z,"Feeling Overwhelmed","The workload is piling up and I'm feeling overwhelmed. Need to take a step back and prioritize.","work",tired,stormy
22,2024-06-24T19:30:00Z,"Movie Night","A simple movie night at home. Exactly what I needed to unwind after a long day.","relax",neutral,cloudy
23,2024-06-23T11:00:00Z,"Exploring the City","Spent the day exploring a new part of the city. Found a charming little bookstore.","travel,personal",excited,sunny
24,2024-06-22T16:00:00Z,"A tough decision","Had to make a tough decision today. I hope I made the right choice. Only time will tell.","reflection,personal",neutral,cloudy
25,2024-06-21T22:45:00Z,"Stargazing","The sky is so clear tonight. Spent some time just looking at the stars and feeling small in the vast universe.","reflection,nature",neutral,sunny
26,2024-06-20T08:00:00Z,"A Fresh Start","Decided to start a new habit today. I'm committed to sticking with it for at least 30 days.","goals,health",excited,sunny
27,2024-06-19T13:30:00Z,"Lunch with a Mentor","Had a great lunch with my mentor. Always get such valuable advice and perspective.","work,goals",happy,cloudy
28,2024-06-18T18:00:00Z,"A Disappointing Outcome","The project I was working on didn't turn out as expected. Feeling disappointed but trying to learn from it.","work,challenge",sad,rainy
29,2024-06-17T20:15:00Z,"A Moment of Kindness","A stranger showed me a small act of kindness today and it completely changed my mood.","personal",happy,cloudy
30,2024-06-16T12:00:00Z,"Sunday Brunch","Lazy Sunday brunch with my partner. These slow weekends are the best.","personal,food",happy,sunny
31,2024-06-15T16:45:00Z,"Creative Block","Feeling a major creative block. I can't seem to write or come up with any new ideas.","reflection",tired,cloudy
32,2024-06-14T21:00:00Z,"Concert Night","Went to an amazing concert tonight. The energy of the crowd was electric.","social,friends",excited,cloudy
33,2024-06-13T09:00:00Z,"An argument","Had an argument with a close friend. Feeling hurt and misunderstood.","friends,personal",sad,stormy
34,2024-06-12T14:00:00Z,"A walk in the park","Took a long walk in the park during my lunch break. It helped clear my head.","health,relax",neutral,sunny
35,2024-06-11T19:00:00Z,"Trying to learn guitar","Started learning to play the guitar. My fingers hurt but it's fun to learn something new.","goals,personal",happy,cloudy
36,2024-06-10T23:30:00Z,"Can't sleep","Can't seem to fall asleep. Too many thoughts running through my head.","personal",tired,cloudy
37,2024-06-09T11:20:00Z,"Volunteering","Spent the morning volunteering at the local animal shelter. It was so rewarding.","personal",happy,sunny
38,2024-06-08T15:00:00Z,"A lazy Saturday","Absolutely nothing productive happened today, and it was glorious. Sometimes you just need a day to do nothing.","relax",neutral,cloudy
39,2024-06-07T17:00:00Z,"Good news!","Received some really good news today! I'm so thrilled and can't stop smiling.","personal",excited,sunny
40,2024-06-06T20:00:00Z,"Reflecting on the past","Thinking a lot about the past lately. It's a mix of happy and sad memories.","reflection",neutral,rainy
41,2024-06-05T10:00:00Z,"A difficult conversation","Had a difficult conversation I've been putting off. It was hard, but necessary.","personal,challenge",tired,cloudy
42,2024-06-04T12:30:00Z,"A delicious meal","Cooked a delicious meal for myself. It's a form of self-care.","food,personal",happy,sunny
43,2024-06-03T18:00:00Z,"Feeling anxious","Feeling really anxious today for no apparent reason. It's frustrating.","personal",sad,cloudy
44,2024-06-02T08:45:00Z,"Morning yoga","Started the day with some yoga. It really helps center me.","health,relax",neutral,sunny
45,2024-06-01T22:00:00Z,"A new month","A new month begins. Full of possibilities. I'm setting some intentions for the weeks ahead.","goals,reflection",excited,cloudy
46,2024-05-31T16:00:00Z,"End of the month rush","Work was crazy trying to get everything done by the end of the month. Glad it's over.","work",tired,rainy
47,2024-05-30T19:30:00Z,"A long-awaited reunion","Met up with a friend I haven't seen in years. It was like no time had passed.","friends,social",happy,cloudy
48,2024-05-29T13:00:00Z,"A simple observation","I saw a bird building a nest today. It was a simple, beautiful moment.","nature,reflection",neutral,sunny
49,2024-05-28T21:00:00Z,"A quiet night in","Sometimes, a quiet night with a cup of tea and a good book is all you need.","relax,reading",neutral,cloudy
50,2024-05-27T10:10:00Z,"Feeling grateful","Woke up this morning feeling incredibly grateful for everything and everyone in my life.","reflection",happy,sunny
51,2024-05-26T12:00:00Z,"A day of doing nothing","I spent the entire day doing nothing productive. It was amazing.","relax",neutral,cloudy
52,2024-05-25T08:00:00Z,"Early morning jog","Woke up early for a jog. It was tough but I feel great now.","health",happy,sunny
53,2024-05-24T22:00:00Z,"An inspiring movie","Watched a really inspiring movie tonight. It made me want to be a better person.","reflection",excited,cloudy
54,2024-05-23T18:00:00Z,"A disagreement","Had a disagreement with a family member. It's weighing on me.","family",sad,rainy
55,2024-05-22T14:00:00Z,"A productive day","I was so productive today. Ticked off everything on my to-do list.","work,goals",excited,sunny
56,2024-05-21T20:00:00Z,"Feeling nostalgic","Listening to old songs and feeling very nostalgic.","reflection",neutral,cloudy
57,2024-05-20T11:00:00Z,"A walk in the rain","Took a walk in the rain today. It was refreshing.","personal",happy,rainy
58,2024-05-19T16:00:00Z,"A frustrating bug","Spent hours trying to fix a bug in my code. It was so frustrating.","work,challenge",tired,stormy
59,2024-05-18T19:00:00Z,"Dinner party","Hosted a small dinner party. It was a lot of work but worth it.","friends,social",happy,cloudy
60,2024-05-17T09:00:00Z,"A new idea","A new idea for a project popped into my head this morning. I'm excited to explore it.","goals",excited,sunny
61,2024-05-16T21:00:00Z,"Feeling lonely","Feeling a bit lonely tonight. It comes in waves.","personal",sad,cloudy
62,2024-05-15T13:00:00Z,"A breakthrough","Had a breakthrough with a difficult task. It feels great to finally figure it out.","work",excited,sunny
63,2024-05-14T17:00:00Z,"A beautiful sunset","Watched a stunning sunset today. Nature's beauty is awe-inspiring.","nature,reflection",happy,sunny
64,2024-05-13T22:00:00Z,"An old memory","An old memory surfaced today. It's funny what the mind holds onto.","reflection",neutral,cloudy
65,2024-05-12T10:00:00Z,"A lazy Sunday","Woke up late and had a lazy Sunday. Just what I needed.","relax",neutral,cloudy
66,2024-05-11T15:00:00Z,"A visit to the museum","Visited a museum today. It was fascinating to see all the art and history.","personal,travel",happy,cloudy
67,2024-05-10T19:00:00Z,"A difficult goodbye","Had to say a difficult goodbye today. It's never easy.","personal",sad,rainy
68,2024-05-09T08:00:00Z,"An energetic start","Woke up feeling full of energy. Ready to take on the day.","personal",excited,sunny
69,2024-05-08T20:00:00Z,"A quiet evening","Just a quiet evening at home. Sometimes it's nice to just be with your own thoughts.","relax",neutral,cloudy
70,2024-05-07T14:00:00Z,"A helping hand","Helped someone today and it felt good. Small acts of kindness matter.","personal",happy,cloudy
71,2024-05-06T18:00:00Z,"A long day","It was a long and tiring day. I'm ready to just relax and unwind.","work",tired,rainy
72,2024-05-05T11:00:00Z,"A day of reading","Spent the whole day reading. It's been a while since I've done that.","reading,relax",neutral,cloudy
73,2024-05-04T16:00:00Z,"A surprise gift","Received a surprise gift today. It was so thoughtful and made my day.","friends",happy,sunny
74,2024-05-03T21:00:00Z,"A moment of clarity","Had a moment of clarity about a problem that's been bothering me. It feels like a weight has been lifted.","reflection",excited,cloudy
75,2024-05-02T09:00:00Z,"A fresh perspective","Talked to someone with a different perspective and it was really enlightening.","personal",neutral,sunny
76,2024-05-01T19:00:00Z,"A new month, a new goal","Setting a new goal for this month. I'm determined to achieve it.","goals",excited,cloudy
77,2024-04-30T15:00:00Z,"A sense of accomplishment","Finished a big project today. The sense of accomplishment is amazing.","work,goals",excited,sunny
78,2024-04-29T20:00:00Z,"A quiet night","Just a quiet night in. Sometimes the best nights are the ones with no plans.","relax",neutral,cloudy
79,2024-04-28T12:00:00Z,"A picnic in the park","Had a lovely picnic in the park. The weather was perfect.","food,friends",happy,sunny
80,2024-04-27T18:00:00Z,"A creative spark","Felt a creative spark today and wrote a short story. It felt good to create something.","personal",excited,cloudy
81,2024-04-26T22:00:00Z,"Feeling lost","Feeling a bit lost and unsure of what to do next. It's a confusing time.","reflection",sad,rainy
82,2024-04-25T10:00:00Z,"A good workout","Had a great workout this morning. Feeling strong and capable.","health",happy,sunny
83,2024-04-24T16:00:00Z,"A difficult client","Dealt with a difficult client today. It was challenging but I handled it professionally.","work,challenge",tired,stormy
84,2024-04-23T19:00:00Z,"A cozy evening","A cozy evening with a warm blanket and a hot cup of tea. Perfect.","relax",neutral,cloudy
85,2024-04-22T13:00:00Z,"A random act of kindness","Witnessed a random act of kindness today. It restored my faith in humanity.","reflection",happy,sunny
86,2024-04-21T21:00:00Z,"An old movie","Watched an old black and white movie. There's something so charming about them.","personal",neutral,cloudy
87,2024-04-20T11:00:00Z,"A day trip","Took a day trip to a nearby town. It was fun to explore somewhere new.","travel",excited,sunny
88,2024-04-19T17:00:00Z,"A tough workout","Pushed myself hard at the gym today. I'm sore but it feels good.","health",tired,cloudy
89,2024-04-18T20:00:00Z,"A heartfelt conversation","Had a deep and heartfelt conversation with my partner. It brought us closer.","personal",happy,cloudy
90,2024-04-17T09:00:00Z,"A new perspective","I tried looking at a problem from a new perspective and it made all the difference.","reflection",excited,sunny
91,204-04-16T14:00:00Z,"A frustrating meeting","Sat through a long and frustrating meeting. It felt like a waste of time.","work",tired,rainy
92,2024-04-15T18:00:00Z,"A home-cooked meal","Made a delicious home-cooked meal. It's so much better than takeout.","food",happy,cloudy
93,2024-04-14T22:00:00Z,"A quiet mind","My mind is surprisingly quiet tonight. It's a peaceful feeling.","relax",neutral,cloudy
94,2024-04-13T10:00:00Z,"A sunny day","It's a beautiful sunny day. I'm going to spend as much time as possible outdoors.","personal",happy,sunny
95,2024-04-12T16:00:00Z,"A setback","Had a setback on a project. It's discouraging but I'm not giving up.","work,challenge",sad,stormy
96,2024-04-11T19:00:00Z,"A night of music","Spent the evening listening to my favorite albums. Music always lifts my spirits.","personal",happy,cloudy
97,2024-04-10T08:00:00Z,"An early start","Woke up before sunrise. The world is so quiet and peaceful at that hour.","reflection",neutral,sunny
98,2024-04-09T13:00:00Z,"A productive collaboration","Had a great collaboration with a colleague. We accomplished so much together.","work",excited,cloudy
99,2024-04-08T20:00:00Z,"A wave of sadness","A wave of sadness washed over me tonight. I'm not sure why.","personal",sad,rainy
100,2024-04-07T11:00:00Z,"A new discovery","Discovered a new author today and I'm already hooked on their books.","reading",excited,sunny
101,2024-04-06T15:00:00Z,"A day of cleaning","Spent the day deep cleaning my apartment. It feels so fresh and organized now.","personal",neutral,cloudy
102,2024-04-05T18:00:00Z,"A fun evening","Had a really fun evening with friends. We played board games and laughed a lot.","friends,social",happy,cloudy
103,2024-04-04T09:00:00Z,"A challenging puzzle","Worked on a challenging puzzle today. It was a great mental workout.","personal",neutral,sunny
104,2024-04-03T21:00:00Z,"A quiet contemplation","Spent some time in quiet contemplation. It helped me process my thoughts and feelings.","reflection",neutral,cloudy
105,2024-04-02T12:00:00Z,"A delicious lunch","Had a delicious lunch at a new cafe. The food was amazing.","food",happy,sunny
106,2024-04-01T17:00:00Z,"A new beginning","It's the first day of the month. I'm feeling optimistic about what's to come.","goals",excited,cloudy
107,2024-03-31T20:00:00Z,"A night of reflection","Reflecting on the past month. It's been a mix of ups and downs.","reflection",neutral,cloudy
108,2024-03-30T10:00:00Z,"A day in nature","Spent the day hiking in nature. It was so refreshing to be away from the city.","nature,travel",happy,sunny
109,2024-03-29T16:00:00Z,"A creative slump","I'm in a creative slump. I can't seem to come up with any good ideas.","reflection",tired,rainy
110,2024-03-28T19:00:00Z,"A reunion","Had a reunion with my old college friends. It was so good to see them all.","friends,social",happy,cloudy
111,2024-03-27T08:00:00Z,"A motivated morning","Woke up feeling so motivated. I'm going to crush my goals today.","goals",excited,sunny
112,2024-03-26T22:00:00Z,"A late night work session","Had to pull a late night to finish a project. I'm exhausted.","work",tired,cloudy
113,2024-03-25T14:00:00Z,"A simple pleasure","Enjoyed a simple pleasure today: a warm cup of coffee and a good book.","reading,relax",neutral,cloudy
114,2024-03-24T18:00:00Z,"A difficult conversation","Had a difficult conversation with my boss. It was stressful but productive.","work,challenge",tired,stormy
115,2024-03-23T11:00:00Z,"A day of adventure","Went on a spontaneous adventure today. It was so much fun.","travel,personal",excited,sunny
116,2024-03-22T20:00:00Z,"A quiet dinner","Had a quiet dinner at home. Sometimes it's nice to just be alone.","relax",neutral,cloudy
117,2024-03-21T09:00:00Z,"A burst of energy","Felt a sudden burst of energy and cleaned my entire apartment.","personal",excited,sunny
118,2024-03-20T15:00:00Z,"A day of learning","Spent the day learning a new skill. It was challenging but rewarding.","goals",neutral,cloudy
119,2024-03-19T19:00:00Z,"A sad movie","Watched a really sad movie. It made me cry.","personal",sad,rainy
120,2024-03-18T12:00:00Z,"A delicious brunch","Had a delicious brunch with friends. The food was incredible.","food,friends",happy,sunny
121,2024-03-17T17:00:00Z,"A feeling of peace","Feeling a sense of peace and calm today. It's a nice change.","reflection",neutral,cloudy
122,2024-03-16T21:00:00Z,"A late night drive","Went for a late night drive. The city looks so different at night.","personal",neutral,cloudy
123,2024-03-15T10:00:00Z,"A productive morning","Had a very productive morning. I feel like I can accomplish anything today.","work,goals",excited,sunny
124,2024-03-14T16:00:00Z,"A moment of doubt","Had a moment of self-doubt today. It's hard to stay confident all the time.","reflection",sad,cloudy
125,2024-03-13T19:00:00Z,"A fun game night","Had a fun game night with my family. It's always a good time.","family",happy,cloudy
126,2024-03-12T08:00:00Z,"An early morning reflection","Woke up early and spent some time reflecting. It was a good way to start the day.","reflection",neutral,sunny
127,2024-03-11T22:00:00Z,"A tired mind","My mind is so tired. I can't seem to think straight.","personal",tired,cloudy
128,2024-03-10T14:00:00Z,"A day of exploring","Spent the day exploring a new neighborhood. There's so much to see in my own city.","travel,personal",excited,sunny
129,2024-03-09T18:00:00Z,"A difficult workout","Did a really difficult workout today. I'm exhausted but proud of myself.","health",tired,cloudy
130,2024-03-08T20:00:00Z,"A heartfelt gift","Received a really heartfelt gift from a friend. It meant so much to me.","friends",happy,cloudy
131,2024-03-07T09:00:00Z,"A clear mind","My mind feels so clear today. I'm ready to tackle anything that comes my way.","personal",excited,sunny
132,2024-03-06T15:00:00Z,"A frustrating task","Worked on a frustrating task for hours. I'm so glad it's finally done.","work,challenge",tired,rainy
133,2024-03-05T19:00:00Z,"A delicious dinner","Cooked a delicious dinner tonight. I'm getting better at cooking.","food",happy,cloudy
134,2024-03-04T22:00:00Z,"A peaceful evening","Just a peaceful evening at home. It's nice to have some quiet time.","relax",neutral,cloudy
135,2024-03-03T10:00:00Z,"A beautiful day","It's such a beautiful day. I'm going to spend the whole day outside.","personal",happy,sunny
136,2024-03-02T16:00:00Z,"A major accomplishment","Achieved a major goal today. I'm so proud of myself.","goals",excited,sunny
137,2024-03-01T19:00:00Z,"A new month, new energy","Feeling a renewed sense of energy with the start of a new month.","goals",excited,cloudy
138,2024-02-29T14:00:00Z,"A leap of faith","Took a leap of faith today. I'm scared but also excited.","personal,challenge",excited,cloudy
139,2024-02-28T20:00:00Z,"A quiet reflection","Spent the evening reflecting on the month. It's been a good one.","reflection",neutral,cloudy
140,2024-02-27T11:00:00Z,"A day of gardening","Spent the day gardening. It's so therapeutic to work with my hands in the dirt.","personal,relax",happy,sunny
141,2024-02-26T17:00:00Z,"A difficult client meeting","Had a difficult client meeting today. It's tough to please everyone.","work,challenge",tired,stormy
142,2024-02-25T21:00:00Z,"A night of stargazing","The stars are so bright tonight. It's a beautiful sight.","nature,reflection",neutral,sunny
143,2024-02-24T10:00:00Z,"A lazy Saturday morning","Woke up late and had a lazy Saturday morning. It was perfect.","relax",neutral,cloudy
144,2024-02-23T16:00:00Z,"A creative breakthrough","Had a creative breakthrough today. The ideas are flowing.","work,goals",excited,cloudy
145,2024-02-22T19:00:00Z,"A sad song","Listened to a sad song that really resonated with me. It's okay to feel sad sometimes.","personal",sad,rainy
146,2024-02-21T08:00:00Z,"A morning of mindfulness","Started the day with a mindfulness meditation. It helped me feel more present.","health,relax",neutral,sunny
147,2024-02-20T22:00:00Z,"A late-night snack","Had a late-night snack and watched some TV. A simple pleasure.","food,relax",neutral,cloudy
148,2024-02-19T13:00:00Z,"A productive lunch break","Used my lunch break to run some errands. It feels good to be productive.","personal",neutral,cloudy
149,2024-02-18T18:00:00Z,"A family dinner","Had a lovely dinner with my family. It's always good to connect.","family",happy,cloudy
150,2024-02-17T11:00:00Z,"A day of rest","Took a much-needed day of rest. I feel so much better.","relax",neutral,cloudy
151,2024-02-16T15:00:00Z,"A challenging task","Completed a challenging task at work. I'm proud of my persistence.","work,challenge",excited,sunny
152,2024-02-15T20:00:00Z,"A night of reading","Curled up with a good book tonight. It's my favorite way to unwind.","reading,relax",neutral,cloudy
153,2024-02-14T19:00:00Z,"A romantic dinner","Had a romantic dinner with my partner. It was a special evening.","personal",happy,cloudy
154,2024-02-13T09:00:00Z,"A fresh snowfall","Woke up to a beautiful fresh snowfall. It's so quiet and peaceful.","nature",happy,snowy
155,2024-02-12T14:00:00Z,"A frustrating delay","My flight was delayed for hours. It was so frustrating.","travel",tired,stormy
156,2024-02-11T18:00:00Z,"A cozy day in","It's snowing outside, so I'm having a cozy day in. Hot chocolate and a movie.","relax",neutral,snowy
157,2024-02-10T11:00:00Z,"A winter walk","Went for a walk in the snow. It was cold but beautiful.","nature",happy,snowy
158,2024-02-09T21:00:00Z,"A quiet night by the fire","Spent the evening by the fire. It was so warm and cozy.","relax",neutral,cloudy
159,2024-02-08T10:00:00Z,"A day of planning","Spent the day planning my goals for the next quarter. I'm excited for what's to come.","goals,work",excited,cloudy
160,2024-02-07T16:00:00Z,"A difficult decision","Had to make a difficult decision at work. I hope it's the right one.","work,challenge",neutral,cloudy
161,2024-02-06T19:00:00Z,"A fun night out","Went out with friends for a fun night of bowling. It was a blast.","friends,social",happy,cloudy
162,2024-02-05T08:00:00Z,"A productive start","Had a very productive start to the week. I'm feeling on top of things.","work,goals",excited,sunny
163,2024-02-04T22:00:00Z,"A late-night study session","Stayed up late studying for an exam. I'm exhausted but I think I'm prepared.","goals",tired,cloudy
164,2024-02-03T13:00:00Z,"A delicious homemade pizza","Made homemade pizza for lunch. It was so much better than delivery.","food",happy,cloudy
165,2024-02-02T18:00:00Z,"A frustrating commute","My commute home was a nightmare. So much traffic.","personal",tired,rainy
166,2024-02-01T20:00:00Z,"A new month, a fresh start","It's the beginning of a new month. I'm feeling hopeful and optimistic.","goals",excited,cloudy
167,2024-01-31T15:00:00Z,"A sense of relief","Finished a major deadline today. I feel such a sense of relief.","work",happy,sunny
168,2024-01-30T19:00:00Z,"A quiet evening of reflection","Spent the evening reflecting on the past month. It's been a whirlwind.","reflection",neutral,cloudy
169,2024-01-29T11:00:00Z,"A day of organization","Spent the day organizing my digital files. It's a tedious task but it feels good to have it done.","personal",neutral,cloudy
170,2024-01-28T16:00:00Z,"A creative afternoon","Spent the afternoon painting. It was so relaxing and I'm happy with how it turned out.","personal",happy,cloudy
171,2024-01-27T21:00:00Z,"A night of good conversation","Had a long and meaningful conversation with a friend. It's good to connect on a deeper level.","friends",happy,cloudy
172,2024-01-26T09:00:00Z,"A challenging workout","Pushed myself to a new limit in my workout today. I'm sore but it feels good.","health",tired,cloudy
173,2024-01-25T14:00:00Z,"A frustrating meeting","Had a frustrating meeting where nothing got accomplished. I feel like I wasted my time.","work",tired,rainy
174,2024-01-24T18:00:00Z,"A delicious experiment","Tried a new recipe for dinner and it was a delicious success.","food",happy,cloudy
175,2024-01-23T22:00:00Z,"A peaceful night","It's a quiet and peaceful night. I'm grateful for these moments of calm.","relax",neutral,cloudy
176,2024-01-22T10:00:00Z,"A sunny morning","Woke up to a beautiful sunny morning. It instantly put me in a good mood.","personal",happy,sunny
177,2024-01-21T15:00:00Z,"A day of errands","Spent the day running errands. It was productive but I'm tired now.","personal",tired,cloudy
178,2024-01-20T19:00:00Z,"A fun reunion","Met up with some old friends from high school. It was so fun to reminisce.","friends,social",happy,cloudy
179,2024-01-19T08:00:00Z,"A morning of writing","Spent the morning writing. The words just flowed today.","personal",excited,sunny
180,2024-01-18T21:00:00Z,"A quiet evening with music","Listening to some calming music and unwinding. It's the perfect end to a long day.","relax",neutral,cloudy
181,2024-01-17T12:00:00Z,"A delicious lunch date","Had a delicious lunch date with my partner. It's nice to have these midday escapes.","personal,food",happy,sunny
182,2024-01-16T17:00:00Z,"A challenging problem","Solved a challenging problem at work. It feels so satisfying.","work,challenge",excited,cloudy
183,2024-01-15T20:00:00Z,"A wave of nostalgia","An old song came on the radio and it brought back a flood of memories.","reflection",neutral,cloudy
184,2024-01-14T10:00:00Z,"A lazy Sunday morning","Woke up without an alarm and just lounged in bed. It was heavenly.","relax",neutral,cloudy
185,2024-01-13T16:00:00Z,"A day of adventure","Went on a spontaneous road trip. Sometimes the best plans are no plans at all.","travel,personal",excited,sunny
186,2024-01-12T19:00:00Z,"A difficult good-bye","Had to say goodbye to a loved one today. My heart is heavy.","family,personal",sad,rainy
187,2024-01-11T09:00:00Z,"A fresh start","I'm starting a new project today. I'm full of ideas and excitement.","goals,work",excited,sunny
188,2024-01-10T22:00:00Z,"A tired body, a full heart","I'm physically exhausted, but my heart is full. It was a good day.","reflection",tired,cloudy
189,2024-01-09T14:00:00Z,"A productive meeting","Had a really productive meeting. We made a lot of progress.","work",excited,cloudy
190,2024-01-08T18:00:00Z,"A moment of gratitude","Took a moment to just be grateful for everything I have. It's a good practice.","reflection",happy,cloudy
191,2024-01-07T11:00:00Z,"A beautiful hike","Went for a beautiful hike in the mountains. The scenery was breathtaking.","nature,travel",happy,sunny
192,2024-01-06T20:00:00Z,"A quiet night of reading","Spent the whole evening reading. I lost track of time.","reading,relax",neutral,cloudy
193,2024-01-05T10:00:00Z,"A new year, a new me","It's the first week of the new year and I'm feeling motivated to make some positive changes.","goals",excited,sunny
194,2024-01-04T16:00:00Z,"A frustrating setback","Had a frustrating setback with my new year's resolution. But I'm not giving up.","goals,challenge",sad,cloudy
195,2024-01-03T19:00:00Z,"A cozy night in","It's cold outside, so I'm having a cozy night in with a movie and a blanket.","relax",neutral,cloudy
196,2024-01-02T13:00:00Z,"A productive afternoon","Had a very productive afternoon. I feel like I'm starting the year off right.","work,goals",excited,sunny
197,2024-01-01T00:00:00Z,"Happy New Year!","Happy New Year! I'm excited to see what this year will bring.","friends,social",excited,cloudy
198,2023-12-31T23:00:00Z,"Reflecting on the year","Reflecting on the past year. It's been a rollercoaster of a year.","reflection",neutral,cloudy
199,2023-12-30T18:00:00Z,"A pre-new year's eve party","Had a fun party with friends to celebrate the end of the year.","friends,social",happy,cloudy
200,2023-12-29T15:00:00Z,"A day of last-minute shopping","Did some last-minute shopping for New Year's Eve. It was chaotic but I got everything I needed.","personal",tired,cloudy
201,2023-12-28T20:00:00Z,"A quiet evening","Just a quiet evening at home. I'm enjoying the calm before the storm of New Year's celebrations.","relax",neutral,cloudy
202,2023-12-27T11:00:00Z,"A winter wonderland","The snow is so beautiful. It looks like a winter wonderland outside.","nature",happy,snowy
203,2023-12-26T16:00:00Z,"A post-Christmas slump","Feeling a bit of a post-Christmas slump. The excitement is over.","personal",sad,cloudy
204,2023-12-25T12:00:00Z,"Merry Christmas!","Merry Christmas! Had a wonderful day with my family.","family",happy,snowy
205,2023-12-24T22:00:00Z,"Christmas Eve","It's Christmas Eve! The anticipation is palpable. I can't wait for tomorrow.","family",excited,snowy
206,2023-12-23T18:00:00Z,"A festive gathering","Had a festive gathering with friends. It was so much fun.","friends,social",happy,cloudy
207,2023-12-22T14:00:00Z,"A frustrating travel day","My travel plans got messed up. It was a long and frustrating day.","travel,challenge",tired,stormy
208,2023-12-21T20:00:00Z,"A quiet night before the holidays","Enjoying a quiet night before the holiday madness begins.","relax",neutral,cloudy
209,2023-12-20T10:00:00Z,"A productive day of gift wrapping","Spent the day wrapping gifts. I'm officially ready for Christmas.","personal",neutral,cloudy
210,2023-12-19T17:00:00Z,"A difficult conversation with family","Had a difficult conversation with a family member. The holidays can be tough.","family,challenge",sad,rainy
211,2023-12-18T19:00:00Z,"A cozy evening with a Christmas movie","Watched a classic Christmas movie. It got me in the holiday spirit.","personal",happy,cloudy
212,2023-12-17T11:00:00Z,"A day of baking","Spent the day baking Christmas cookies. The whole house smells amazing.","food,personal",happy,cloudy
213,2023-12-16T16:00:00Z,"A magical snowfall","It started snowing! It's so magical and beautiful.","nature",happy,snowy
214,2023-12-15T21:00:00Z,"A quiet Friday night","Just a quiet Friday night in. I'm saving my energy for the weekend.","relax",neutral,cloudy
215,2023-12-14T09:00:00Z,"A productive work day","Had a super productive day at work. I'm feeling ahead of the game.","work",excited,sunny
216,2023-12-13T18:00:00Z,"A frustrating technical issue","Spent hours dealing with a technical issue. It was so frustrating.","work,challenge",tired,stormy
217,2023-12-12T20:00:00Z,"A fun dinner with colleagues","Had a fun dinner with my colleagues to celebrate the end of the year.","work,social",happy,cloudy
218,2023-12-11T13:00:00Z,"A moment of peace","Found a moment of peace in the midst of a chaotic day. It was much needed.","relax",neutral,cloudy
219,2023-12-10T10:00:00Z,"A lazy Sunday","Woke up late and had a lazy Sunday. It was the perfect way to recharge.","relax",neutral,cloudy
220,2023-12-09T15:00:00Z,"A day of Christmas shopping","Braved the crowds and did some Christmas shopping. It was crazy but I found some great gifts.","personal",tired,cloudy
221,2023-12-08T19:00:00Z,"A cozy night by the fire","It's cold outside, so I'm spending the night by the fire. It's so cozy.","relax",neutral,cloudy
222,2023-12-07T08:00:00Z,"An early morning workout","Woke up early for a workout. It was tough but I feel great now.","health",happy,sunny
223,2023-12-06T22:00:00Z,"A late night of planning","Stayed up late planning for the holidays. There's so much to do!","goals",tired,cloudy
224,2c023-12-05T14:00:00Z,"A productive afternoon of writing","Had a very productive afternoon of writing. The words were just flowing.","personal",excited,cloudy
225,2023-12-04T18:00:00Z,"A difficult phone call","Had to make a difficult phone call today. I'm glad it's over.","personal,challenge",tired,rainy
226,2023-12-03T11:00:00Z,"A beautiful winter day","It's a beautiful, crisp winter day. The sun is shining and the air is cold.","nature",happy,sunny
227,2023-12-02T16:00:00Z,"A creative spark","Felt a creative spark and started a new painting. I'm excited to see where it goes.","personal",excited,cloudy
228,2023-12-01T20:00:00Z,"A new month, a new perspective","It's the first day of the last month of the year. I'm taking some time to reflect.","reflection",neutral,cloudy
229,2023-11-30T15:00:00Z,"A stressful end to the month","Work was so stressful trying to meet end-of-month deadlines. I'm exhausted.","work",tired,stormy
230,2023-11-29T19:00:00Z,"A quiet evening of gratitude","Spent the evening writing down everything I'm grateful for. It was a good exercise.","reflection",happy,cloudy
231,2023-11-28T11:00:00Z,"A day of decluttering","Spent the day decluttering my apartment. It feels so good to get rid of things I don't need.","personal",neutral,cloudy
232,2023-11-27T17:00:00Z,"A long and tiring commute","My commute was extra long and tiring today. I can't wait to just relax.","personal",tired,rainy
233,2023-11-26T21:00:00Z,"A night of board games","Had a fun night of board games with my family. It's always a good laugh.","family",happy,cloudy
234,2023-11-25T10:00:00Z,"A lazy Saturday after the holiday","Just a lazy Saturday. Recovering from all the Thanksgiving food.","relax",neutral,cloudy
235,2023-11-24T16:00:00Z,"A day of leftovers and movies","Spent the day eating leftovers and watching movies. It was the perfect post-Thanksgiving day.","relax,food",neutral,cloudy
236,2023-11-23T14:00:00Z,"Happy Thanksgiving!","Happy Thanksgiving! Had a wonderful day with my family. I'm so full.","family,food",happy,cloudy
237,2023-11-22T19:00:00Z,"A pre-Thanksgiving buzz","The whole city has a pre-Thanksgiving buzz. I'm excited for tomorrow.","personal",excited,cloudy
238,2023-11-21T10:00:00Z,"A productive day of cooking","Spent the day cooking and prepping for Thanksgiving. It was a lot of work but it will be worth it.","food",neutral,cloudy
239,2023-11-20T17:00:00Z,"A difficult travel day","Traveled to my family's for Thanksgiving. The airport was a zoo.","travel,challenge",tired,stormy
240,2023-11-19T20:00:00Z,"A quiet Sunday night","A quiet Sunday night. Mentally preparing for the holiday week ahead.","relax",neutral,cloudy
241,2023-11-18T11:00:00Z,"A beautiful autumn day","It's a beautiful autumn day. The leaves are so colorful.","nature",happy,sunny
242,2023-11-17T16:00:00Z,"A frustrating problem","Ran into a frustrating problem at work. I feel like I'm banging my head against a wall.","work,challenge",tired,rainy
243,2023-11-16T19:00:00Z,"A fun night out with friends","Went out for dinner and drinks with friends. It was a much-needed night out.","friends,social",happy,cloudy
244,2023-11-15T08:00:00Z,"A morning of focus","Had a very focused and productive morning. I'm feeling good about my progress.","work,goals",excited,sunny
245,2023-11-14T22:00:00Z,"A late night of reading","Stayed up late reading a captivating book. I couldn't put it down.","reading,relax",neutral,cloudy
246,2023-11-13T14:00:00Z,"A productive collaboration","Collaborated with a colleague on a project and we made great progress.","work",excited,cloudy
247,2023-11-12T18:00:00Z,"A moment of self-reflection","Took some time for self-reflection today. It's important to check in with yourself.","reflection",neutral,cloudy
248,2023-11-11T11:00:00Z,"A day of remembrance","Thinking of all those who have served. It's a day of remembrance and gratitude.","reflection",neutral,cloudy
249,2023-11-10T20:00:00Z,"A quiet Friday night in","A quiet Friday night. Sometimes it's nice to just relax and recharge.","relax",neutral,cloudy
250,2023-11-09T10:00:00Z,"A challenging puzzle","Worked on a challenging jigsaw puzzle. It's a great way to exercise my brain.","personal",neutral,cloudy
251,2023-11-08T17:00:00Z,"A difficult meeting","Had a difficult meeting with my team. It's hard to navigate different opinions.","work,challenge",tired,rainy
252,2023-11-07T19:00:00Z,"A delicious home-cooked meal","Made a delicious and healthy meal at home. It's so much better than eating out.","food",happy,cloudy
253,2023-11-06T08:00:00Z,"A fresh start to the week","Feeling refreshed and ready to start the new week.","goals",excited,sunny
254,2023-11-05T21:00:00Z,"A quiet Sunday evening","A quiet Sunday evening. Preparing for the week ahead.","relax",neutral,cloudy
255,2023-11-04T15:00:00Z,"A day of exploring the city","Spent the day exploring a new neighborhood. I love discovering hidden gems in my own city.","travel,personal",excited,sunny
256,2023-11-03T18:00:00Z,"A fun bonfire with friends","Had a bonfire with friends. It was a perfect autumn evening.","friends,social",happy,cloudy
257,2023-11-02T12:00:00Z,"A productive lunch meeting","Had a productive lunch meeting. It's always good to connect with colleagues outside of the office.","work",neutral,cloudy
258,2023-11-01T20:00:00Z,"A new month, new possibilities","It's the first of the month. I'm excited for what's to come.","goals",excited,cloudy
259,2023-10-31T21:00:00Z,"Happy Halloween!","Happy Halloween! Had a fun night dressing up and handing out candy.","social",happy,cloudy
260,2023-10-30T17:00:00Z,"A pre-Halloween sugar rush","Ate way too much candy today. The pre-Halloween sugar rush is real.","food",excited,cloudy
261,2023-10-29T14:00:00Z,"A day of pumpkin carving","Spent the day carving pumpkins. It's a fun and messy tradition.","family,social",happy,cloudy
262,2023-10-28T19:00:00Z,"A spooky movie night","Had a spooky movie night with friends. It was the perfect way to get in the Halloween spirit.","friends,social",happy,cloudy
263,2023-10-27T16:00:00Z,"A frustrating day of costume shopping","Went costume shopping and couldn't find anything I liked. It was so frustrating.","personal",tired,rainy
264,2023-10-26T20:00:00Z,"A quiet night of reading a scary book","Reading a scary book to get in the Halloween mood. I'm loving it.","reading,relax",neutral,cloudy
265,2023-10-25T11:00:00Z,"A beautiful fall day","It's a beautiful fall day. The leaves are at their peak color.","nature",happy,sunny
266,2023-10-24T17:00:00Z,"A difficult conversation with a friend","Had a difficult conversation with a friend. It's hard to be honest sometimes.","friends,challenge",sad,rainy
267,2023-10-23T19:00:00Z,"A cozy evening with a warm drink","Drinking a warm apple cider and feeling cozy. I love this time of year.","relax",neutral,cloudy
268,2023-10-22T13:00:00Z,"A day of apple picking","Went apple picking with my family. It was a perfect fall activity.","family,food",happy,sunny
269,2023-10-21T21:00:00Z,"A quiet Saturday night","Just a quiet Saturday night at home. Sometimes it's nice to have no plans.","relax",neutral,cloudy
270,2023-10-20T10:00:00Z,"A productive Friday morning","Had a very productive Friday morning. I'm ready for the weekend.","work",excited,sunny
271,2023-10-19T18:00:00Z,"A frustrating technical glitch","Dealt with a frustrating technical glitch all afternoon. I'm so glad it's finally fixed.","work,challenge",tired,stormy
272,2023-10-18T20:00:00Z,"A fun team dinner","Had a fun dinner with my team to celebrate a successful project.","work,social",happy,cloudy
273,2023-10-17T12:00:00Z,"A moment of mindfulness","Took a few moments for mindfulness meditation. It helped me reset my day.","health,relax",neutral,cloudy
274,2023-10-16T08:00:00Z,"A motivated Monday","Feeling motivated and ready to tackle the week.","goals",excited,sunny
275,2023-10-15T21:00:00Z,"A quiet Sunday to recharge","A quiet Sunday. I'm recharging my batteries for the week ahead.","relax",neutral,cloudy
276,2023-10-14T15:00:00Z,"A day of exploring a new trail","Explored a new hiking trail today. The views were incredible.","nature,travel",happy,sunny
277,2023-10-13T19:00:00Z,"A cozy bonfire","Had a cozy bonfire in the backyard. There's something so mesmerizing about watching the flames.","relax",neutral,cloudy
278,2023-10-12T13:00:00Z,"A productive power hour","Had a super productive power hour. I'm amazed at how much I got done.","work",excited,cloudy
279,2023-10-11T17:00:00Z,"A difficult feedback session","Had to give some difficult feedback to a colleague. It's never easy.","work,challenge",tired,rainy
280,2023-10-10T20:00:00Z,"A fun night of trivia","Went to a trivia night with friends. We didn't win but we had a lot of fun.","friends,social",happy,cloudy
281,2023-10-09T09:00:00Z,"A clear and focused morning","My mind feels so clear and focused this morning. I'm ready to be productive.","personal",excited,sunny
282,2023-10-08T22:00:00Z,"A late night of creative writing","Stayed up late working on a creative writing piece. The ideas were just flowing.","personal",excited,cloudy
283,2023-10-07T14:00:00Z,"A day of museum hopping","Spent the day visiting different museums. It was a great cultural experience.","personal,travel",happy,cloudy
284,2023-10-06T18:00:00Z,"A frustrating traffic jam","Got stuck in a massive traffic jam on my way home. It was so frustrating.","personal",tired,stormy
285,2023-10-05T20:00:00Z,"A delicious fall meal","Cooked a delicious fall-themed meal. I love cooking with seasonal ingredients.","food",happy,cloudy
286,2023-10-04T11:00:00Z,"A productive brainstorming session","Had a great brainstorming session with my team. We came up with some amazing ideas.","work",excited,cloudy
287,2023-10-03T16:00:00Z,"A moment of self-doubt","Feeling a bit of self-doubt today. It's hard to shake off.","reflection",sad,cloudy
288,2023-10-02T19:00:00Z,"A quiet evening with a good movie","Watched a really good movie tonight. It was a great escape.","relax",neutral,cloudy
289,2023-10-01T09:00:00Z,"A new month, a new mindset","It's a new month. I'm approaching it with a positive mindset.","goals",excited,sunny
290,2023-09-30T21:00:00Z,"Reflecting on September","The month is over. I'm reflecting on my achievements and failures.","reflection",neutral,cloudy
291,2023-09-29T15:00:00Z,"A frantic Friday","Work was absolutely frantic today. I am so ready for the weekend.","work",tired,rainy
292,2023-09-28T18:00:00Z,"A chill evening","Just a very chill evening. No stress, no worries.","relax",neutral,cloudy
293,2023-09-27T12:00:00Z,"Lunch with an old friend","Caught up with an old friend over lunch. It was so good to see them.","friends",happy,sunny
294,2023-09-26T17:00:00Z,"A small victory","Celebrated a small victory at work today. It's the little things.","work",happy,cloudy
295,2023-09-25T20:00:00Z,"A gloomy day","The weather was gloomy and so was my mood.","personal",sad,rainy
296,2023-09-24T14:00:00Z,"A day of football","Spent the day watching football with friends. A perfect Sunday.","friends,social",happy,cloudy
297,2023-09-23T11:00:00Z,"A trip to the farmer's market","Went to the farmer's market this morning. So many fresh fruits and vegetables!","food,personal",happy,sunny
298,2023-09-22T22:00:00Z,"A late-night coding session","I'm on a roll with this coding project. Decided to work late into the night.","work,goals",excited,cloudy
299,2023-09-21T10:00:00Z,"A difficult choice","I have a difficult choice to make. I've been weighing the pros and cons all morning.","challenge",neutral,cloudy
300,2023-09-20T19:00:00Z,"A wonderful surprise","My partner planned a wonderful surprise for me tonight. I feel so loved.","personal",happy,cloudy
301,2023-09-19T16:00:00Z,"A draining meeting","That meeting drained all my energy. Time to recharge.","work",tired,rainy
302,2023-09-18T08:30:00Z,"A great start","This week is off to a great start. Feeling positive and motivated.","goals",excited,sunny
303,2023-09-17T18:00:00Z,"Sunday scaries","The Sunday scaries are hitting hard tonight. Not ready for the weekend to be over.","personal",sad,cloudy
304,2023-09-16T12:00:00Z,"A perfect fall day","Crisp air, colorful leaves. A perfect fall day.","nature",happy,sunny
305,2023-09-15T20:00:00Z,"A much-needed night in","After a long week, a night in is exactly what I needed.","relax",neutral,cloudy
306,2023-09-14T15:00:00Z,"A big presentation","Gave a big presentation today. I was nervous but it went really well.","work,challenge",excited,cloudy
307,2023-09-13T21:00:00Z,"A good cry","Had a good cry tonight. Sometimes you just need to let it all out.","personal",sad,rainy
308,2023-09-12T11:00:00Z,"A new coffee shop","Tried a new coffee shop today. The latte was excellent.","food,personal",happy,sunny
309,2023-09-11T09:00:00Z,"A somber day","A day for reflection and remembrance. Never forget.","reflection",neutral,cloudy
310,2023-09-10T14:00:00Z,"A day of reading and relaxing","I love Sundays. I spent the whole day reading and relaxing.","reading,relax",neutral,cloudy
311,2023-09-09T19:00:00Z,"A fun wedding","Attended a beautiful wedding tonight. So much love and happiness.","friends,social",happy,cloudy
312,2023-09-08T17:00:00Z,"A long week","This has been such a long week. I'm so glad it's finally Friday.","work",tired,cloudy
313,2023-09-07T13:00:00Z,"A productive power nap","Took a power nap and now I feel so much more productive.","personal",neutral,sunny
314,2023-09-06T20:00:00Z,"A delicious discovery","Discovered a new restaurant and the food was incredible.","food",excited,cloudy
315,2023-09-05T10:00:00Z,"Back to work","First day back at work after a long weekend. It's tough to get back into the swing of things.","work",tired,cloudy
316,2023-09-04T12:00:00Z,"Labor Day fun","Enjoyed the Labor Day holiday with a BBQ and friends.","friends,social",happy,sunny
317,2023-09-03T18:00:00Z,"A long weekend","So grateful for this long weekend. It's been very relaxing.","relax",neutral,cloudy
318,2023-09-02T11:00:00Z,"A trip to the beach","Spent the day at the beach. The sound of the waves is so calming.","travel,nature",happy,sunny
319,2023-09-01T20:00:00Z,"September begins","Hello September! I love the feeling of a new month.","goals",excited,cloudy
320,2023-08-31T16:00:00Z,"End of summer","It's the last day of August. The end of summer is always a little sad.","reflection",sad,cloudy
321,2023-08-30T19:00:00Z,"A quiet evening walk","Took a quiet evening walk. The weather is perfect.","relax,health",neutral,cloudy
322,2023-08-29T14:00:00Z,"A frustrating bug","I've been trying to fix this bug for hours. It's so frustrating.","work,challenge",tired,stormy
323,2023-08-28T09:00:00Z,"A Monday morning reset","Starting the week with a positive attitude. It's a reset.","goals",excited,sunny
324,2023-08-27T21:00:00Z,"A movie marathon","Had a movie marathon all day. It was a great way to spend a Sunday.","relax",neutral,cloudy
325,2023-08-26T15:00:00Z,"A fun day at the fair","Went to the state fair today. So much food and fun.","friends,social",happy,sunny
326,2023-08-25T18:00:00Z,"A spontaneous concert","Went to a spontaneous concert in the park. It was amazing.","social",excited,cloudy
327,2023-08-24T12:00:00Z,"A productive lunch break","I actually worked through my lunch break. Not ideal, but I got a lot done.","work",tired,cloudy
328,2023-08-23T20:00:00Z,"A home-cooked masterpiece","I cooked a meal that was so good, I'm calling it a masterpiece.","food",happy,cloudy
329,2023-08-22T10:00:00Z,"A challenging new project","Started a challenging new project at work. I'm excited for the opportunity to learn.","work,goals",excited,cloudy
330,2023-08-21T17:00:00Z,"A case of the Mondays","I've got a classic case of the Mondays. I'm already looking forward to the weekend.","work",tired,cloudy
331,2023-08-20T19:00:00Z,"A quiet Sunday","Just a quiet Sunday. Reading, relaxing, and preparing for the week.","relax,reading",neutral,cloudy
332,2023-08-19T13:00:00Z,"A day of hiking","Spent the day hiking a new trail. It was challenging but the views were worth it.","nature,health",happy,sunny
333,2023-08-18T21:00:00Z,"A fun night out","Went out for dinner and dancing. It was a really fun night.","friends,social",excited,cloudy
3An a-MA-zing discovery","I discovered a new band and I'm obsessed.","music",excited,cloudy
335,2023-08-16T18:00:00Z,"A difficult conversation at work","Had to have a difficult conversation with my manager. It was stressful.","work,challenge",tired,rainy
336,2023-08-15T20:00:00Z,"A peaceful evening","The evening is so peaceful. I'm sitting outside and just listening to the sounds of nature.","relax,nature",neutral,cloudy
337,2023-08-14T11:00:00Z,"A productive morning","I was so productive this morning. I feel like I can take on the world.","work,goals",excited,sunny
338,2023-08-13T16:00:00Z,"A lazy Sunday afternoon","Spent the afternoon napping and reading. It was glorious.","relax,reading",neutral,cloudy
339,2023-08-12T19:00:00Z,"A family BBQ","Had a great time at a family BBQ. So much food and laughter.","family,social",happy,sunny
340,2023-08-11T22:00:00Z,"A late-night movie","Watched a movie late into the night. It was worth the lack of sleep.","relax",neutral,cloudy
341,2023-08-10T10:00:00Z,"A frustrating morning","Nothing is going right this morning. I'm feeling very frustrated.","personal",sad,stormy
342,2023-08-09T15:00:00Z,"A breakthrough moment","Had a breakthrough moment with a project I've been struggling with. It feels amazing.","work,goals",excited,cloudy
343,2023-08-08T18:00:00Z,"A delicious meal out","Tried a new restaurant and the food was absolutely delicious.","food",happy,cloudy
344,2023-08-07T09:00:00Z,"A motivated start to the week","Woke up feeling motivated and ready to have a great week.","goals",excited,sunny
345,2023-08-06T20:00:00Z,"A quiet Sunday evening","A quiet Sunday evening. Perfect for reflecting and planning.","reflection",neutral,cloudy
346,2023-08-05T14:00:00Z,"A day at the lake","Spent the day at the lake. Swimming, sunbathing, and just relaxing.","travel,relax",happy,sunny
347,2023-08-04T19:00:00Z,"A fun concert","Went to a great concert tonight. The music was fantastic.","friends,social",excited,cloudy
348,2023-08-03T13:00:00Z,"A productive power hour","I had a super productive hour. It's amazing what you can accomplish when you focus.","work",excited,cloudy
349,2023-08-02T17:00:00Z,"A difficult decision","I had to make a difficult decision today. I hope it was the right one.","challenge",neutral,rainy
350,2023-08-01T20:00:00Z,"A new month, a new chapter","It's the first day of a new month. I'm ready for a new chapter.","goals",excited,cloudy
351,2023-07-31T16:00:00Z,"A frantic end to the month","Work was insane today. So glad the month is over.","work",tired,stormy
352,2023-07-30T19:00:00Z,"A quiet evening of reflection","Reflecting on the month of July. It's been a good one.","reflection",neutral,cloudy
353,2023-07-29T11:00:00Z,"A day of volunteering","Spent the day volunteering. It feels good to give back.","personal",happy,sunny
354,2023-07-28T18:00:00Z,"A fun night with friends","Had a fun night out with friends. Lots of laughs.","friends,social",happy,cloudy
355,2023-07-27T14:00:00Z,"A productive day of coding","I was in the zone today. Wrote a lot of good code.","work,goals",excited,cloudy
356,2023-07-26T21:00:00Z,"A quiet night of reading","Curled up with a good book. It's my favorite way to end the day.","reading,relax",neutral,cloudy
357,2023-07-25T10:00:00Z,"A beautiful morning","It's a beautiful morning. The sun is shining and the birds are singing.","nature",happy,sunny
358,2023-07-24T17:00:00Z,"A long and tiring day","It was a long and tiring day. I'm ready for bed.","work",tired,rainy
359,2023-07-23T19:00:00Z,"A delicious BBQ","Had a delicious BBQ with family. Summer nights are the best.","family,food",happy,sunny
360,2023-07-22T13:00:00Z,"A day of exploring","Spent the day exploring a new part of town. There's always something new to discover.","travel,personal",excited,sunny
361,2023-07-21T22:00:00Z,"A late-night conversation","Had a deep and meaningful conversation with a friend late into the night.","friends",happy,cloudy
362,2023-07-20T11:00:00Z,"A productive brainstorming session","Had a really productive brainstorming session. I'm excited about the new ideas.","work",excited,cloudy
363,2023-07-19T16:00:00Z,"A moment of frustration","Felt a moment of intense frustration today. I had to step away and take a break.","challenge",sad,stormy
364,2023-07-18T19:00:00Z,"A quiet evening of music","Listening to music and just relaxing. It's very therapeutic.","relax",neutral,cloudy
365,2023-07-17T09:00:00Z,"A fresh start","I'm starting a new routine today. I'm hoping it will help me be more productive.","goals",excited,sunny
366,2023-07-16T14:00:00Z,"A lazy Sunday","A very lazy Sunday. I didn't do anything productive and it was wonderful.","relax",neutral,cloudy
367,2023-07-15T18:00:00Z,"A fun day at the amusement park","Spent the day at an amusement park. I feel like a kid again.","friends,social",excited,sunny
368,2023-07-14T21:00:00Z,"A quiet Friday night","Just a quiet Friday night in. Sometimes that's all you need.","relax",neutral,cloudy
369,2023-07-13T12:00:00Z,"A delicious lunch","Had a delicious lunch at a new restaurant. I'll definitely be back.","food",happy,sunny
370,2023-07-12T17:00:00Z,"A difficult task","Completed a very difficult task today. I'm proud of myself for not giving up.","work,challenge",excited,cloudy
371,2023-07-11T20:00:00Z,"A moment of gratitude","Took a moment to be grateful for the good things in my life. It's a good habit to cultivate.","reflection",happy,cloudy
372,2023-07-10T10:00:00Z,"A productive start to the week","I'm starting the week off strong. I'm feeling focused and motivated.","work,goals",excited,sunny
373,2023-07-09T19:00:00Z,"A family movie night","Had a movie night with my family. It was a lot of fun.","family",happy,cloudy
374,2023-07-08T13:00:00Z,"A day of gardening","Spent the day in the garden. It's so rewarding to see things grow.","personal,relax",happy,sunny
375,2023-07-07T22:00:00Z,"A late night of inspiration","I was feeling so inspired tonight that I stayed up late writing.","personal",excited,cloudy
376,2023-07-06T11:00:00Z,"A challenging new skill","I'm learning a new skill and it's really challenging. But I'm determined to master it.","goals",neutral,cloudy
377,2023-07-05T16:00:00Z,"A frustrating error","I spent hours trying to fix an error in my code. It was so frustrating.","work,challenge",tired,stormy
378,2023-07-04T12:00:00Z,"A fun 4th of July","Had a fun 4th of July with friends and fireworks.","friends,social",happy,sunny
379,2023-07-03T18:00:00Z,"A quiet evening before the holiday","A quiet evening at home. Getting ready for the holiday tomorrow.","relax",neutral,cloudy
380,2023-07-02T14:00:00Z,"A day of relaxation","I took a day to just relax and do nothing. It was much needed.","relax",neutral,cloudy
381,2023-07-01T20:00:00Z,"A new month, a new mindset","I'm starting this month with a positive mindset. I'm ready for new challenges.","goals",excited,cloudy
382,2023-06-30T17:00:00Z,"A crazy end to the month","The end of the month is always crazy at work. I'm so glad it's over.","work",tired,rainy
383,2023-06-29T20:00:00Z,"A quiet night of reflection","Spent the evening reflecting on the past month. It's been a journey.","reflection",neutral,cloudy
384,2023-06-28T11:00:00Z,"A productive day of cleaning","I deep cleaned my apartment today. It feels so good to have a clean space.","personal",neutral,cloudy
385,2023-06-27T16:00:00Z,"A difficult conversation","I had a difficult conversation that I've been avoiding. I'm glad I finally did it.","personal,challenge",tired,cloudy
386,2023-06-26T19:00:00Z,"A delicious dinner out","I tried a new restaurant for dinner and it was amazing.","food",happy,cloudy
387,2023-06-25T13:00:00Z,"A lazy Sunday reading","Spent a lazy Sunday afternoon reading in the park. It was perfect.","reading,relax",neutral,sunny
388,2023-06-24T18:00:00Z,"A fun wedding celebration","Attended a friend's wedding. It was a beautiful celebration of love.","friends,social",happy,cloudy
389,2023-06-23T22:00:00Z,"A late-night creative burst","I had a sudden burst of creativity late at night and wrote for hours.","personal",excited,cloudy
390,2023-06-22T10:00:00Z,"A frustrating meeting","I sat through a long, unproductive meeting. It felt like a waste of time.","work",tired,rainy
391,2023-06-21T15:00:00Z,"A moment of clarity","I had a moment of clarity about a problem that has been bothering me. It feels like a weight has been lifted.","reflection",excited,cloudy
392,2023-06-20T18:00:00Z,"A quiet evening at home","Sometimes a quiet evening at home is the best medicine.","relax",neutral,cloudy
393,2023-06-19T09:00:00Z,"A productive start to the week","I'm starting the week off with a lot of energy and motivation.","work,goals",excited,sunny
394,2023-06-18T14:00:00Z,"A Father's Day celebration","Celebrated Father's Day with my dad. It was a special day.","family",happy,sunny
395,2023-06-17T19:00:00Z,"A fun night of karaoke","I went to a karaoke night with friends. It was hilarious and so much fun.","friends,social",happy,cloudy
396,2023-06-16T22:00:00Z,"A late night of studying","I have a big exam coming up, so I stayed up late studying. I'm tired but I feel prepared.","goals",tired,cloudy
397,2023-06-15T12:00:00Z,"A delicious lunch break","I took a proper lunch break today and had a delicious meal. It made a huge difference in my afternoon.","food,work",happy,sunny
398,2023-06-14T17:00:00Z,"A challenging coding problem","I finally solved a coding problem that I've been stuck on for days. It feels amazing.","work,challenge",excited,cloudy
399,2023-06-13T20:00:00Z,"A moment of peace","I found a quiet spot in the park and just sat for a while. It was a moment of pure peace.","relax",neutral,cloudy
400,2023-06-12T10:00:00Z,"A motivated Monday","I'm feeling very motivated this Monday. I'm ready to have a productive week.","goals",excited,sunny
401,2023-06-11T19:00:00Z,"A family game night","We had a family game night. It was so much fun and full of laughter.","family",happy,cloudy
402,2023-06-10T13:00:00Z,"A day of hiking and picnicking","I went for a hike and had a picnic. It was a perfect day.","nature,food",happy,sunny
403,2023-06-09T22:00:00Z,"A late night of inspiration","I was hit with a wave of inspiration late at night and stayed up writing.","personal",excited,cloudy
404,2023-06-08T11:00:00Z,"A challenging new recipe","I tried a challenging new recipe. It didn't turn out perfect, but I learned a lot.","food,challenge",neutral,cloudy
405,2023-06-07T16:00:00Z,"A frustrating afternoon","I had a very frustrating afternoon. Nothing seemed to go my way.","personal",sad,stormy
406,2023-06-06T19:00:00Z,"A quiet evening with a podcast","I listened to a great podcast this evening. It was very thought-provoking.","relax",neutral,cloudy
407,2023-06-05T09:00:00Z,"A fresh start to the week","I'm feeling refreshed and ready for a new week.","goals",excited,sunny
408,2023-06-04T14:00:00Z,"A lazy Sunday afternoon nap","I took a long nap this afternoon. It was glorious.","relax",neutral,cloudy
4running","I went for a long run this morning. It was tough but I feel amazing now.","health",happy,sunny
410,2023-06-02T22:00:00Z,"A late night of movie watching","I stayed up late watching a classic movie. It was a great way to end the week.","relax",neutral,cloudy
411,2023-06-01T12:00:00Z,"A new month, a new challenge","I'm starting a new challenge for the month of June. I'm excited to see how it goes.","goals",excited,sunny
412,2023-05-31T17:00:00Z,"A crazy end to May","The end of the month was so hectic. I'm glad it's over.","work",tired,rainy
413,2023-05-30T20:00:00Z,"A quiet evening of journaling","I spent the evening journaling. It's a great way to process my thoughts.","reflection",neutral,cloudy
414,2023-05-29T11:00:00Z,"A productive Memorial Day","I used the holiday to be productive and get things done around the house.","personal",neutral,cloudy
415,2023-05-28T16:00:00Z,"A relaxing Memorial Day weekend","I've had a very relaxing long weekend. I feel recharged.","relax",neutral,cloudy
416,2023-05-27T19:00:00Z,"A fun BBQ with neighbors","We had a fun BBQ with our neighbors. It was great to get to know them better.","social",happy,sunny
417,2023-05-26T22:00:00Z,"A late night of planning","I stayed up late planning a trip. I'm so excited to go.","travel,goals",excited,cloudy
418,2023-05-25T13:00:00Z,"A productive lunch break","I used my lunch break to go for a walk. It was a nice change of pace.","health,work",neutral,sunny
419,2023-05-24T18:00:00Z,"A difficult day","I had a difficult day today. I'm looking forward to a fresh start tomorrow.","personal",sad,rainy
420,2023-05-23T20:00:00Z,"A delicious home-cooked Italian meal","I made a delicious Italian meal from scratch. It was a lot of work but so worth it.","food",happy,cloudy
421,2023-05-22T10:00:00Z,"A motivated Monday morning","I'm feeling very motivated this Monday morning. I'm ready to crush my goals.","goals",excited,sunny
422,2023-05-21T15:00:00Z,"A lazy Sunday in the sun","I spent the afternoon reading in the sun. It was perfect.","reading,relax",happy,sunny
423,2023-05-20T19:00:00Z,"A fun night of dancing","I went out dancing with friends. It was a great way to let loose.","friends,social",excited,cloudy
424,2023-05-19T22:00:00Z,"A late night of good conversation","I had a long and meaningful conversation with my partner tonight.","personal",happy,cloudy
4seeing a play","I saw a play tonight. It was a fantastic performance.","social",happy,cloudy
426,2023-05-17T17:00:00Z,"A frustrating commute home","My commute home was a nightmare. I'm so tired.","personal",tired,stormy
427,2023-05-16T20:00:00Z,"A quiet evening of meditation","I did a guided meditation this evening. It helped me feel so calm and centered.","health,relax",neutral,cloudy
428,2023-05-15T11:00:00Z,"A productive start to the week","I had a very productive start to the week. I'm feeling on top of my game.","work,goals",excited,sunny
429,2023-05-14T16:00:00Z,"A lovely Mother's Day","I had a lovely Mother's Day with my mom. It was a special day.","family",happy,sunny
430,2023-05-13T19:00:00Z,"A fun concert in the park","I went to a free concert in the park. It was a perfect summer evening.","friends,social",happy,sunny
431,2023-05-12T22:00:00Z,"A late night of creative work","I was feeling creative so I stayed up late painting.","personal",excited,cloudy
432,2023-05-11T13:00:00Z,"A productive power lunch","I had a very productive power lunch. I feel like I accomplished a lot.","work",excited,sunny
433,2023-05-10T18:00:00Z,"A difficult day at the office","I had a difficult day at the office. I'm glad to be home.","work",tired,rainy
434,2023-05-09T20:00:00Z,"A peaceful evening walk","I went for a peaceful evening walk. It was a great way to clear my head.","health,relax",neutral,cloudy
435,2023-05-08T10:00:00Z,"A motivated Monday","I'm feeling very motivated this Monday. I'm ready to take on the week.","goals",excited,sunny
436,2023-05-07T15:00:00Z,"A lazy Sunday watching movies","I spent the day watching movies. It was a perfect lazy Sunday.","relax",neutral,cloudy
4iking","I went for a long hike this morning. The weather was perfect.","nature,health",happy,sunny
438,2023-05-05T22:00:00Z,"A late night of celebration","I celebrated a friend's birthday tonight. It was a lot of fun.","friends,social",happy,cloudy
439,2023-05-04T12:00:00Z,"A delicious Star Wars themed lunch","I made a Star Wars themed lunch. May the 4th be with you!","food,personal",happy,sunny
440,2023-05-03T17:00:00Z,"A challenging workout","I did a really challenging workout today. I'm going to be sore tomorrow.","health",tired,cloudy
441,2023-05-02T20:00:00Z,"A quiet evening of planning","I spent the evening planning my goals for the month.","goals",neutral,cloudy
442,2023-05-01T10:00:00Z,"A new month, a new start","It's the first day of May. I'm feeling optimistic about the month ahead.","goals",excited,sunny
443,2023-04-30T16:00:00Z,"A frantic end to April","The end of the month was so busy. I'm looking forward to a fresh start.","work",tired,rainy
444,2023-04-29T19:00:00Z,"A fun night of bowling","I went bowling with friends. It was a lot of fun.","friends,social",happy,cloudy
445,2023-04-28T22:00:00Z,"A late night of reading","I got so engrossed in my book that I stayed up way too late reading.","reading,relax",neutral,cloudy
446,2023-04-27T13:00:00Z,"A productive lunch meeting","I had a very productive lunch meeting. It's always good to connect with colleagues.","work",neutral,cloudy
447,2023-04-26T18:00:00Z,"A difficult day of debugging","I spent all day debugging a difficult issue. I'm so glad it's finally fixed.","work,challenge",tired,stormy
448,2023-04-25T20:00:00Z,"A delicious homemade dinner","I made a delicious homemade dinner. It's so much better than takeout.","food",happy,cloudy
449,2023-04-24T10:00:00Z,"A motivated Monday","I'm feeling very motivated this Monday. I'm ready to be productive.","goals",excited,sunny
450,2023-04-23T15:00:00Z,"A lazy Sunday of napping","I took a long nap this afternoon. It was much needed.","relax",neutral,cloudy
451,2023-04-22T11:00:00Z,"A beautiful day for a walk","It's a beautiful day. I went for a long walk and enjoyed the sunshine.","health",happy,sunny
452,2023-04-21T19:00:00Z,"A fun night out with my partner","I had a fun night out with my partner. We went to a new restaurant and then saw a movie.","personal",happy,cloudy
453,2023-04-20T22:00:00Z,"A late night of creative inspiration","I was feeling very creative tonight and stayed up late painting.","personal",excited,cloudy
454,2023-04-19T14:00:00Z,"A productive afternoon of deep work","I had a very productive afternoon of deep work. I feel like I accomplished a lot.","work",excited,cloudy
455,2023-04-18T18:00:00Z,"A difficult conversation with a loved one","I had a difficult conversation with a loved one. It's never easy.","family,challenge",sad,rainy
456,2023-04-17T20:00:00Z,"A quiet evening of reflection","I spent the evening reflecting on my goals. It was a good exercise.","reflection",neutral,cloudy
457,2023-04-16T10:00:00Z,"A fresh start to a new week","I'm starting the week with a positive attitude.","goals",excited,sunny
458,2023-04-15T15:00:00Z,"A lazy Saturday","I had a very lazy Saturday. It was nice to do nothing for a change.","relax",neutral,cloudy
459,2023-04-14T19:00:00Z,"A fun night out with old friends","I met up with some old friends tonight. It was so good to see them.","friends,social",happy,cloudy
460,2023-04-13T22:00:00Z,"A late night of reading a thriller","I'm reading a thriller that I can't put down. I'm going to be tired tomorrow.","reading,relax",neutral,cloudy
461,2023-04-12T13:00:00Z,"A productive lunch break","I used my lunch break to go for a run. I feel so much better now.","health,work",neutral,sunny
462,2023-04-11T18:00:00Z,"A frustrating day of meetings","I had back-to-back meetings all day. I'm so drained.","work",tired,rainy
463,2023-04-10T20:00:00Z,"A delicious homemade pasta dinner","I made homemade pasta for dinner. It was so fresh and delicious.","food",happy,cloudy
464,2023-04-09T10:00:00Z,"A beautiful Easter Sunday","I had a beautiful Easter Sunday with my family.","family",happy,sunny
465,2023-04-08T15:00:00Z,"A day of Easter preparations","I spent the day preparing for Easter. It was a lot of work but it will be worth it.","family,food",neutral,cloudy
4LEGOs","I spent the afternoon building with LEGOs. It was very therapeutic.","personal,relax",neutral,cloudy
467,2023-04-06T19:00:00Z,"A quiet evening with a documentary","I watched a fascinating documentary tonight. I learned so much.","relax",neutral,cloudy
468,2023-04-05T10:00:00Z,"A productive Wednesday","I had a very productive Wednesday. I'm feeling ahead of schedule.","work",excited,sunny
469,2023-04-04T18:00:00Z,"A difficult decision at work","I had to make a difficult decision at work. It's weighing on me.","work,challenge",neutral,rainy
470,2023-04-03T20:00:00Z,"A fun night of cooking with my partner","My partner and I cooked dinner together tonight. It was a lot of fun.","personal,food",happy,cloudy
471,2023-04-02T11:00:00Z,"A lazy Sunday morning","I woke up late and had a very lazy Sunday morning. It was perfect.","relax",neutral,cloudy
472,2023-04-01T15:00:00Z,"A fun April Fool's Day","I played a few harmless pranks for April Fool's Day. It was all in good fun.","friends,social",happy,sunny
473,2023-03-31T18:00:00Z,"A crazy end to March","The end of the month was so hectic. I'm glad to see it go.","work",tired,rainy
474,2023-03-30T20:00:00Z,"A quiet evening of reflection","I spent the evening reflecting on the past month. It was a good one.","reflection",neutral,cloudy
4inking","I went for a long hike and then had a picnic. It was a perfect day.","nature,food",happy,sunny
476,2023-03-28T22:00:00Z,"A late night of creative writing","I was feeling inspired and stayed up late writing.","personal",excited,cloudy
477,2023-03-27T13:00:00Z,"A productive power hour","I had a super productive hour. It's amazing what you can accomplish when you focus.","work",excited,cloudy
478,2023-03-26T18:00:00Z,"A difficult conversation","I had a difficult conversation that I've been putting off. I'm glad it's over.","personal,challenge",tired,rainy
479,2023-03-25T20:00:00Z,"A quiet evening with a good book","I curled up with a good book and a cup of tea. It was a perfect evening.","reading,relax",neutral,cloudy
480,2023-03-24T10:00:00Z,"A motivated Friday","I'm feeling very motivated this Friday. I'm going to finish the week strong.","work,goals",excited,sunny
481,2023-03-23T15:00:00Z,"A lazy Thursday afternoon","I had a very lazy Thursday afternoon. It was a nice break.","relax",neutral,cloudy
4arathon","I had a movie marathon with friends. It was a lot of fun.","friends,social",happy,cloudy
483,2023-03-21T22:00:00Z,"A late night of deep thoughts","I was up late just thinking about life. It was a night of deep thoughts.","reflection",neutral,cloudy
484,2023-03-20T13:00:00Z,"A productive lunch break","I used my lunch break to get some errands done. It was very productive.","personal",neutral,sunny
485,2023-03-19T18:00:00Z,"A difficult workout","I did a really difficult workout today. I'm exhausted but I feel accomplished.","health",tired,cloudy
486,2023-03-18T20:00:00Z,"A fun night out","I went out with friends tonight. It was a much-needed night of fun.","friends,social",happy,cloudy
487,2That's a great idea! I can definitely help with that. "Upgrading the project" can cover a lot of ground. To make sure I focus on what's most important to you, could you tell me what kind of improvements you have in mind?

For example, are you thinking about:

1.  **Adding new features**, like the ability to attach images to your entries or maybe some analytics?
2.  **Improving the user interface** with new layouts or better styling?
3.  **Upgrading the code quality** and performance behind the scenes?
4.  Or something else entirely?

Once I know what you're looking for, I can put together a plan to make it happen
","I'm starting the week with a lot of motivation. I'm ready to be productive.","work,goals",excited,sunny
488,2023-03-16T15:00:00Z,"A lazy St. Patrick's Day","I had a very lazy St. Patrick's Day. It was nice to just relax.","relax",neutral,cloudy
489,2023-03-15T19:00:00Z,"A fun St. Patrick's Day celebration","I celebrated St. Patrick's Day with friends. It was a lot of fun.","friends,social",happy,cloudy
490,2023-03-14T22:00:00Z,"A late night of pie baking","I stayed up late baking a pie for Pi Day. It was a delicious success.","food,personal",happy,cloudy
491,2023-03-13T13:00:00Z,"A productive lunch break","I used my lunch break to go for a walk. It was a nice way to clear my head.","health,work",neutral,sunny
492,2023-03-12T18:00:00Z,"A difficult day of travel","I had a difficult day of travel. I'm so glad to be home.","travel,challenge",tired,stormy
493,2023-03-11T20:00:00Z,"A quiet evening of reading a biography","I'm reading a fascinating biography. It's inspiring me.","reading,relax",neutral,cloudy
494,2023-03-10T10:00:00Z,"A motivated Friday morning","I'm feeling very motivated this Friday morning. I'm going to have a productive day.","work,goals",excited,sunny
495,2023-03-09T15:00:00Z,"A lazy Thursday afternoon","I had a very lazy Thursday afternoon. It was a nice break in the middle of the week.","relax",neutral,cloudy
496,2023-03-08T19:00:00Z,"A fun dinner with family","I had a fun dinner with my family. It's always good to catch up.","family",happy,cloudy
497,2023-03-07T22:00:00Z,"A late night of journaling","I was feeling very reflective and stayed up late journaling.","reflection",neutral,cloudy
498,2023-03-06T13:00:00Z,"A productive lunch meeting","I had a very productive lunch meeting. We made a lot of progress.","work",excited,cloudy
499,2023-03-05T18:00:00Z,"A difficult workout","I did a really difficult workout today. I'm going to be sore tomorrow, but it was worth it.","health",tired,cloudy
500,2023-03-04T20:00:00Z,"A quiet evening of music","I spent the evening listening to music. It was very relaxing.","relax",neutral,cloudy
